Reference,Value,Package,Description,JLCPCB Part#,Quantity,Footprint,Notes
U1,Digispark ATtiny85,Female header 1x8,Microcontroller board - I2C slave,Manual sourcing (AliExpress),1,Custom_8pin_socket,"USB on left side, P0=SDA, P2=SCL"
Q1,IRLZ44N,TO-220,N-Channel Logic Level MOSFET,C38260,1,Package_TO_SOT_THT:TO-220-3_Vertical,"55V/47A, logic-level gate"
D1,1N4007,DO-41,Flyback diode for valve coil,C328592,1,Diode_THT:D_DO-41_SOD81_P10.16mm_Horizontal,"Cathode to 12V, anode to GND"
D2,SB560,DO-201AD,Schottky diode - backfeed protection,C22452,1,Diode_THT:D_DO-201AD_P15.24mm_Horizontal,"5A Schottky, always populate"
D3,5mm LED Green,5mm LED,Power indicator,C72033,1,LED_THT:LED_D5.0mm,Power presence indicator
D4,5mm LED Yellow,5mm LED,Valve active indicator,C72038,1,LED_THT:LED_D5.0mm,Lights when valve energized
F1,Fuse holder 5x20mm,PTH,PCB mount fuse holder,C709153,1,Fuse:Fuseholder_Cylinder-5x20mm_Stelvio-Kontek_PTF78_Horizontal_Open,Populate on injection modules only
F1_FUSE,3A Fast-blow,5x20mm glass,Glass fuse 5x20mm,C369959,1,N/A,For injection modules
R1,1kΩ 1/4W,Axial 1/4W,MOSFET gate resistor,C176197,1,Resistor_THT:R_Axial_DIN0207_L6.3mm_D2.5mm_P10.16mm_Horizontal,Limits gate inrush
R2,1kΩ 1/4W,Axial 1/4W,Green LED current limit,C176197,1,Resistor_THT:R_Axial_DIN0207_L6.3mm_D2.5mm_P10.16mm_Horizontal,12V power indicator
R3,1kΩ 1/4W,Axial 1/4W,Yellow LED current limit,C176197,1,Resistor_THT:R_Axial_DIN0207_L6.3mm_D2.5mm_P10.16mm_Horizontal,Valve active indicator
J1,JST XH 4P Right-angle,JST XH 2.54mm,Power + I2C input,C144395,1,Connector_JST:JST_XH_B4B-XH-A_1x04_P2.54mm_Right_Angle,12V/GND/SDA/SCL IN
J2,JST XH 4P Right-angle,JST XH 2.54mm,Power + I2C output,C144395,1,Connector_JST:JST_XH_B4B-XH-A_1x04_P2.54mm_Right_Angle,12V/GND/SDA/SCL OUT
J3,Screw Terminal 2P 5mm,5mm pitch,Valve connection,C474881,1,"TerminalBlock_Phoenix:TerminalBlock_Phoenix_MKDS-1,5-2_1x02_P5.00mm_Horizontal",Valve +/-
J4,Screw Terminal 2P 5mm,5mm pitch,Power injection input,C474881,1,"TerminalBlock_Phoenix:TerminalBlock_Phoenix_MKDS-1,5-2_1x02_P5.00mm_Horizontal",Populate on injection modules
JP1,Solder Jumper 2-pad,SMD or PTH,Mode selection jumper,N/A (PCB feature),1,Jumper:SolderJumper-2_P1.3mm_Open_TrianglePad1.0x1.5mm,"CLOSED=pass-through, OPEN=injection"
