{
  "board": "digispark",
  "shield_dimensions_mm": {
    "width": 33.0,
    "depth": 40.0,
    "max_height": 3.0
  },
  "base_board_mm": {
    "width": 23.0,
    "depth": 30.0
  },
  "margins_mm": {
    "left": 5,
    "right": 5,
    "top": 5,
    "bottom": 5
  },
  "area_analysis": {
    "total_component_area": 375.0,
    "shield_area": 1320.0,
    "utilization_percent": 28.4
  },
  "component_zones": {
    "general": {
      "total_area": 375.0,
      "max_width": 5.0,
      "max_depth": 5.0,
      "components": 15
    }
  },
  "placement_zones": {
    "power": {
      "x": 2,
      "y": 12,
      "width": 19,
      "depth": 8,
      "desc": "Power input and conditioning"
    },
    "switching": {
      "x": 2,
      "y": 20,
      "width": 19,
      "depth": 8,
      "desc": "MOSFETs and switching"
    },
    "indicators": {
      "x": 2,
      "y": 28,
      "width": 19,
      "depth": 4,
      "desc": "LEDs and indicators"
    },
    "keepout": {
      "x": 0,
      "y": 0,
      "width": 23,
      "depth": 10
    }
  },
  "design_notes": [
    "Shield size: 33.0mm \u00d7 40.0mm",
    "Component area utilization: 28.4%",
    "Tallest component: 3.0mm",
    "Leave clearance around pin headers for connectivity",
    "High-current components should be near board edges for thermal management"
  ]
}